ID,Metal,Group,BDE,M-H,VMH,Hydri-G,CoordNum,EN-M,EN-H,EN-B,EN-C,EN-N,EN-O,EN-F,EN-Si,EN-P,EN-S,EN-Cl,EA-M,EA-H,EA-B,EA-C,EA-N,EA-O,EA-F,EA-Si,EA-P,EA-S,EA-Cl,H,B,C,N,O,F,Si,P,S,Cl,Charge,LTrans,GrpNum,PredMH,AN-M,AR-M,AW-M,AV-M,MR-M,DP-M,mc-chi2,mc-chi3
Au2CCl.Au.xyz,Au,IB ,59.8,1.6281,1898.8,127.12,4,2.5,2.17,0,2.45,0,0,0,0,0,0,3.05,53.25,17.39,0,29.12,0,0,0,0,0,0,83.41,1,0,2,0,0,0,0,0,0,1,-1,6,11,1.6,79,135,197,10.2,134,36,25.91,37.08
BAVLAL10.Mo.xyz,Mo,VIB ,50,1.717,1767.7,224.16,8,2.2,2.17,0,0,0,0,0,0,0,2.64,0,17.2,17.39,0,0,0,0,0,0,0,47.9,0,1,0,0,0,0,0,0,0,5,0,0,0,6,1.668,42,145,96,9.4,130,87,4.67,0
CdC2N.Cd.xyz,Cd,IIB ,64.4,1.7106,1615,189.37,4,1.4,2.17,0,2.45,2.93,0,0,0,0,0,0,0,17.39,0,29.12,0.01,0,0,0,0,0,0,1,0,1,2,0,0,0,0,0,0,0,0,12,1.705,48,155,112.4,13.1,138,46,47.4,104.71
Co2P2C0.Co.xyz,Co,VIII ,45.2,1.4929,1857.7,301.88,5,1.9,2.17,0,2.45,0,0,0,0,2.46,0,0,15.24,17.39,0,29.12,0,0,0,0,17.2,0,0,1,0,2,0,0,0,0,2,0,0,1,0,9,1.451,27,135,58.9,6.7,116,55,41.7,59.22
Co3PO.Co.xyz,Co,VIII ,37.1,1.4937,1846,252.48,5,1.9,2.17,0,0,0,3.61,0,0,2.46,0,0,15.24,17.39,0,0,0,33.69,0,0,17.2,0,0,1,0,0,0,1,0,0,3,0,0,1,0,9,1.45,27,135,58.9,6.7,116,55,47.94,96.07
CrPN.Cr.xyz,Cr,VIB ,33.7,1.5959,1782.4,312.46,3,1.7,2.17,0,0,2.93,0,0,0,2.46,0,0,15.36,17.39,0,0,0.01,0,0,0,17.2,0,0,1,0,0,1,0,0,0,1,0,0,1,0,6,1.623,24,140,52,7.23,119,83,21.98,41.33
CuPP.Cu.xyz,Cu,IB ,72.5,1.5476,1655.7,182.14,3,1.4,2.17,0,0,0,0,0,0,2.46,0,0,28.32,17.39,0,0,0,0,0,0,17.2,0,0,1,0,0,0,0,0,0,2,0,0,0,0,11,1.556,29,135,63.5,7.1,118,46.5,29.07,72.2
Fe2C2NBr.Fe.xyz,Fe,VIII ,51.3,1.5312,1726.2,184.97,8,1.8,2.17,0,2.45,2.93,0,0,0,0,0,2.83,3.76,17.39,0,29.12,0.01,0,0,0,0,0,77.6,1,0,2,4,0,0,0,0,0,1,0,35,8,1.53,26,140,55.8,7.1,117,62,37.15,37.33
Hf2NC.Hf.xyz,Hf,IVB ,69.4,1.8482,1658.6,292.73,8,1.3,2.17,0,2.45,2.93,0,0,0,0,0,0,0,17.39,0,29.12,0.01,0,0,0,0,0,0,3,0,3,2,0,0,0,0,0,0,1,0,4,1.925,72,155,178.5,13.6,144,103,37.96,40.82
IrCNPO.Ir.xyz,Ir,VIII ,71.7,1.552,2279.5,302.96,6,2.2,2.17,0,2.45,2.93,3.61,0,0,2.46,0,0,36.09,17.39,0,29.12,0.01,33.69,0,0,17.2,0,0,1,0,1,1,2,0,0,1,0,0,1,0,9,1.56,77,135,192.2,8.54,127,54,39.18,23.68
IrCpNN.Ir.xyz,Ir,VIII ,57.9,1.5941,2091.1,195.50,8,2.2,2.17,0,2.45,2.93,0,0,0,0,0,0,36.09,17.39,0,29.12,0.01,0,0,0,0,0,0,1,0,5,2,0,0,0,0,0,0,0,0,9,1.593,77,135,192.2,8.54,127,54,36.05,13.24
IrCpPH.Ir.xyz,Ir,VIII ,67.7,1.5961,2085.6,210.19,8,2.2,2.17,0,2.45,0,0,0,0,2.46,0,0,36.09,17.39,0,29.12,0,0,0,0,17.2,0,0,2,0,5,0,0,0,0,1,0,0,0,0,9,1.581,77,135,192.2,8.54,127,54,69.28,122.32
ITIGAU.Fe.xyz,Fe,VIII ,48.5,1.532,1794.9,221.40,6,1.8,2.17,0,2.45,2.93,0,0,0,0,0,0,3.76,17.39,0,29.12,0.01,0,0,0,0,0,0,1,0,4,1,0,0,0,0,0,0,0,6,8,1.531,26,140,55.8,7.1,117,62,50.49,98.54
ITIGAU.Mn.xyz,Mn,VIIB ,53.3,1.612,1591.5,105.96,6,1.6,2.17,0,2.45,2.93,0,0,0,0,0,0,0,17.39,0,29.12,0.01,0,0,0,0,0,0,1,0,4,1,0,0,0,0,0,0,-1,6,7,1.591,25,140,54.9,7.39,118,68,44.88,116.16
Mn2N3C0.Mn.xyz,Mn,VIIB ,47.7,1.5936,1661.2,196.42,6,1.6,2.17,0,2.45,2.93,0,0,0,0,0,0,0,17.39,0,29.12,0.01,0,0,0,0,0,0,1,0,3,2,0,0,0,0,0,0,0,6,7,1.592,25,140,54.9,7.39,118,68,31.81,26.04
Mn2PNC0.Mn.xyz,Mn,VIIB ,57.6,1.6412,1910.6,183.10,6,1.6,2.17,0,2.45,2.93,0,0,0,2.46,0,0,0,17.39,0,29.12,0.01,0,0,0,17.2,0,0,1,0,2,1,0,0,0,2,0,0,0,6,7,1.615,25,140,54.9,7.39,118,68,45.69,72.54
Mo3PN.Mo.xyz,Mo,VIB ,58.9,1.742,1680.8,178.56,6,2.2,2.17,0,0,2.93,0,0,0,2.46,0,3.05,17.2,17.39,0,0,0.01,0,0,0,17.2,0,83.41,1,0,0,1,0,0,0,3,0,1,0,0,6,1.755,42,145,96,9.4,130,87,55.08,139.32
Nb3H.Nb.xyz,Nb,VB ,58.6,1.7626,1722.7,269.20,4,1.5,2.17,0,0,0,0,0,0,0,0,0,20.59,17.39,0,0,0,0,0,0,0,0,0,4,0,0,0,0,0,0,0,0,0,0,0,5,1.77,41,145,92.9,10.8,134,98,0,0
Nb3NCC.Nb1.xyz,Nb,VB ,49.1,1.7982,1614.5,191.06,8,1.5,2.17,0,2.45,2.93,0,0,0,0,0,0,20.59,17.39,0,29.12,0.01,0,0,0,0,0,0,2,0,3,3,0,0,0,0,0,0,0,0,5,1.765,41,145,92.9,10.8,134,98,37.58,57.84
NiONP.Ni.xyz,Ni,VIII ,45.9,1.4571,1924.1,202.13,4,1.9,2.17,0,0,2.93,3.61,0,0,2.46,0,0,26.66,17.39,0,0,0.01,33.69,0,0,17.2,0,0,1,0,0,1,1,0,0,1,0,0,0,8,10,1.46,28,135,58.7,6.6,115,49,29.22,61.5
NiPO.Ni.xyz,Ni,VIII ,44.1,1.4692,1904.5,232.92,3,1.9,2.17,0,0,0,3.61,0,0,2.46,0,0,26.66,17.39,0,0,0,33.69,0,0,17.2,0,0,1,0,0,0,1,0,0,1,0,0,0,8,10,1.456,28,135,58.7,6.6,115,49,19.48,34.46
Os2NPC0.Os.xyz,Os,VIII ,72.3,1.6491,1949.2,202.31,6,2.2,2.17,0,2.45,2.93,0,0,0,2.46,0,0,25.37,17.39,0,29.12,0.01,0,0,0,17.2,0,0,1,0,1,3,0,0,0,1,0,0,0,0,8,1.627,76,130,190.2,8.43,126,57,58.06,107.8
Os2PC2N.Os.xyz,Os,VIII ,65.6,1.6866,1806.2,179.76,6,2.2,2.17,0,2.45,2.93,0,0,0,2.46,0,0,25.37,17.39,0,29.12,0.01,0,0,0,17.2,0,0,1,0,1,2,0,0,0,2,0,0,0,15,8,1.632,76,130,190.2,8.43,126,57,71.39,112.42
PdNNN.Pd.xyz,Pd,VIII ,50.8,1.5169,2113.2,309.57,4,2.2,2.17,0,0,2.93,0,0,0,0,0,0,12.84,17.39,0,0,0.01,0,0,0,0,0,0,1,0,0,3,0,0,0,0,0,0,1,7,10,1.544,46,140,106.4,8.9,128,26.1,41.8,33.66
PdNN.Pd.xyz,Pd,VIII ,50.4,1.5294,2061.4,289.12,5,2.2,2.17,0,2.45,2.93,0,0,0,0,0,0,12.84,17.39,0,29.12,0.01,0,0,0,0,0,0,1,0,2,2,0,0,0,0,0,0,1,0,10,1.538,46,140,106.4,8.9,128,26.1,28.05,39.27
Pt2C2NCl.Pt.xyz,Pt,VIII ,68.8,1.55,2261.4,216.04,6,2.3,2.17,0,2.45,2.93,0,0,0,0,0,3.05,49.07,17.39,0,29.12,0.01,0,0,0,0,0,83.41,1,0,2,2,0,0,0,0,0,1,0,7,10,1.553,78,135,195.1,9.1,130,48,46.51,66.58
Pt2ClOC.Pt.xyz,Pt,VIII ,57,1.5204,2382,287.15,5,2.3,2.17,0,2.45,0,3.61,0,0,0,0,3.05,49.07,17.39,0,29.12,0,33.69,0,0,0,0,83.41,1,0,1,0,1,0,0,0,0,2,0,8,10,1.551,78,135,195.1,9.1,130,48,25.08,0
Re2PC2C0.Re.xyz,Re,VIIB ,56.6,1.7419,1756.2,101.31,6,2.2,2.17,0,2.45,0,0,0,0,2.46,0,0,3.46,17.39,0,29.12,0,0,0,0,17.2,0,0,1,0,3,0,0,0,0,2,0,0,-1,6,7,1.751,75,135,186.2,8.85,128,62,55.21,67.83
ReCp2PC.Re.xyz,Re,VIIB ,64.9,1.6777,1929.1,192.13,9,2.2,2.17,0,2.45,0,0,0,0,2.46,0,0,3.46,17.39,0,29.12,0,0,0,0,17.2,0,0,1,0,6,0,0,0,0,2,0,0,0,0,7,1.676,75,135,186.2,8.85,128,62,60.32,91.96
Rh2P2C.Rh.xyz,Rh,VIII ,52.4,1.5833,1943.1,197.86,5,2.3,2.17,0,2.45,0,0,0,0,2.46,0,0,26.22,17.39,0,29.12,0,0,0,0,17.2,0,0,1,0,2,0,0,0,0,2,0,0,0,0,9,1.509,45,135,102.9,8.3,125,66,62.2,93.48
Rh3PC0.Rh.xyz,Rh,VIII ,64.8,1.6224,1827.6,177.78,5,2.3,2.17,0,2.45,0,0,0,0,2.46,0,0,26.22,17.39,0,29.12,0,0,0,0,17.2,0,0,1,0,1,0,0,0,0,3,0,0,0,6,9,1.598,45,135,102.9,8.3,125,66,60.17,128.59
Ru2NPC0.Ru.xyz,Ru,VIII ,64.2,1.5671,2055.8,207.12,5,2.3,2.17,0,2.45,2.93,0,0,0,2.46,0,0,24.21,17.39,0,29.12,0.01,0,0,0,17.2,0,0,1,0,1,2,0,0,0,1,0,0,0,0,8,1.555,44,130,101.1,8.3,125,72,46.84,80.3
RuCp2C0.Ru.xyz,Ru,VIII ,65.7,1.5929,1980.5,237.76,8,2.3,2.17,0,2.45,0,0,0,0,0,0,0,24.21,17.39,0,29.12,0,0,0,0,0,0,0,1,0,7,0,0,0,0,0,0,0,0,0,8,1.587,44,130,101.1,8.3,125,72,42.06,52.25
RuP2CCl.Ru.xyz,Ru,VIII ,63.4,1.5917,2021.1,192.40,5,2.3,2.17,0,2.45,2.93,0,0,0,0,0,3.05,24.21,17.39,0,29.12,0.01,0,0,0,0,0,83.41,1,0,2,1,0,0,0,0,0,1,0,0,8,1.537,44,130,101.1,8.3,125,72,35.05,54.56
ScCpSiNP.Sc.xyz,Sc,IIIB ,72.4,1.8876,1339.1,187.39,8,1.4,2.17,0,2.45,2.93,0,0,0,2.46,0,0,4.34,17.39,0,29.12,0.01,0,0,0,17.2,0,0,1,0,5,1,0,0,0,1,0,0,0,0,3,1.879,21,160,45,15,144,97,38.15,85.68
Ta3OC.Ta.xyz,Ta,VB ,63.2,1.7882,1730.7,183.94,6,1.4,2.17,0,2.45,0,3.61,0,0,0,0,0,7.43,17.39,0,29.12,0,33.69,0,0,0,0,0,2,0,1,0,3,0,0,0,0,0,0,0,5,1.771,73,145,180.9,10.9,134,74,27.6,62.55
TaP2N.Ta.xyz,Ta,VB ,57.2,1.761,1777.8,183.90,6,1.4,2.17,0,0,2.93,0,0,0,2.46,0,0,7.43,17.39,0,0,0.01,0,0,0,17.2,0,0,3,0,0,2,0,0,0,1,0,0,0,0,5,1.794,73,145,180.9,10.9,134,74,37.28,80.1
TiCpSiNCl.Ti.xyz,Ti,IVB ,45.4,1.6857,1685.7,210.20,8,1.5,2.17,0,2.45,2.93,0,0,0,0,0,3.05,1.82,17.39,0,29.12,0.01,0,0,0,0,0,83.41,1,0,5,1,0,0,0,0,0,1,0,0,4,1.718,22,140,47.9,10.6,132,100,27.49,57.44
VPPNN.V.xyz,V,VB ,44.6,1.6756,1620.3,281.81,5,1.6,2.17,0,0,2.93,0,0,0,2.46,0,0,12.11,17.39,0,0,0.01,0,0,0,17.2,0,0,1,0,0,2,0,0,0,2,0,0,1,0,5,1.693,23,135,50.9,8.35,122,87,36.84,89.49
W4PC.W.xyz,W,VIB ,60.3,1.7924,1629.6,180.11,7,2.3,2.17,0,2.45,2.93,0,0,0,2.46,0,0,18.79,17.39,0,29.12,0.01,0,0,0,17.2,0,0,1,0,1,1,0,0,0,4,0,0,0,0,6,1.781,74,135,183.8,9.53,130,68,84.25,211.31
WTpPN0.W.xyz,W,VIB ,45.2,1.7114,1896.5,190.06,7,2.3,2.17,0,2.45,2.93,0,0,0,2.46,0,0,18.79,17.39,0,29.12,0.01,0,0,0,17.2,0,0,1,0,1,4,0,0,0,1,0,0,0,0,6,1.715,74,135,183.8,9.53,130,68,77.79,125.65
Y2Cp.Y.xyz,Y,IIIB ,67.9,2.0435,1286.5,192.38,11,1.2,2.17,0,2.45,0,0,0,0,0,0,0,7.08,17.39,0,29.12,0,0,0,0,0,0,0,1,0,10,0,0,0,0,0,0,0,0,0,3,2.017,39,180,88.9,19.8,162,162,27.21,50.87
Zn3N.Zn.xyz,Zn,IIB ,74.4,1.5697,1741.6,260.35,4,1.5,2.17,0,0,2.93,0,0,0,0,0,0,0,17.39,0,0,0.01,0,0,0,0,0,0,1,0,0,3,0,0,0,0,0,0,1,0,12,1.57,30,135,65.4,9.2,121,38.7,25.24,50.03
ZnNNN.Zn.xyz,Zn,IIB ,73.9,1.5714,1708.2,188.85,4,1.5,2.17,0,0,2.93,0,0,0,0,0,0,0,17.39,0,0,0.01,0,0,0,0,0,0,1,0,0,3,0,0,0,0,0,0,0,0,12,1.566,30,135,65.4,9.2,121,38.7,29.45,57.34
Zr2ChSiH.xyz,Zr,IIB ,60.8,1.8548,1564.6,204.33,12,1.3,2.17,0,2.45,0,0,0,0,0,0,0,9.82,17.39,0,29.12,0,0,0,0,0,0,0,2,0,10,0,0,0,0,0,0,0,0,0,4,1.856,40,155,91.2,14.1,145,112,28.73,32.05
Zr2CpPhSi.Zr.xyz,Zr,IVB ,61,1.8688,1530.5,197.58,12,1.3,2.17,0,2.45,0,0,0,0,0,0,0,9.82,17.39,0,29.12,0,0,0,0,0,0,0,1,0,11,0,0,0,0,0,0,0,0,0,4,1.85,40,155,91.2,14.1,145,112,33.05,62.71
